title,review
"Не работал MetaTrader, но все починили","<div class=""article-text response-page__text markup-inside-small markup-inside-small--bullet"" itemprop=""description"" data-test=""responses-message"">
		В БКС являюсь трейдером несколько месяцев, пользуюсь MetaTrader, но недавно я зашёл и было написано “нет связи”, стал переживать. В итоге, позвонил на горячую линию брокера. 22.03.24 в 12 часов дня. Хоть это была пятница и буднее время, мне ответили довольно быстро. Нашли решение проблемы. Оказалось, что у меня устарела текущая версия, обновление автоматически не прошло и нужно было сделать это вручную. Я всё переустановил ( БКС дал мне полноценную инструкцию) и работа возобновилась!
	</div>"
Специалисты очень грамотно объяснили,"<div class=""article-text response-page__text markup-inside-small markup-inside-small--bullet"" itemprop=""description"" data-test=""responses-message"">
		Хочу поделиться ситуацией, которая меня сейчас беспокоит, связанной с приостановкой торгов на СПб Бирже. У меня есть вложения в российские компании, торгующиеся на этой площадке, и конечно же, я очень переживаю за судьбу своих инвестиций.Как только стало известно о приостановке торгов, я сразу же позвонил в техподдержку своего брокера БКС. Специалисты очень грамотно объяснили мне текущее положение дел. На данный момент торги приостановлены, и даты возобновления пока нет. Но СПб Биржа находится в переговорах с международными партнерами для определения порядка действий в отношении активов клиентов.<br><br>12 января СПб Банк направил в БКС официальное письмо с инструкциями по разблокировке активов - необходимо открыть счет депо и банковский счет в СПб Банке для перевода туда заблокированных ценных бумаг и денежных средств инвесторов. Также БКС получили описание процедуры перевода в другой депозитарий акций гонконгских компаний.<br><br>Звучит всё достаточно сложно, но менеджер БКС очень подробно разъяснил мне ситуацию и возможные варианты ее развития. Пока идет согласование деталей, но я получил исчерпывающую информацию от финансового советника и теперь спокойно жду окончательного решения по выводу или переводу моих вложений.<br><br>В целом, благодаря оперативной реакции и высококвалифицированной поддержке, я максимально проинформирован по столь необычному случаю. Порадовало, что в БКС подробно владеют ситуацией и держат клиентов в курсе событий. Осталось только дождаться разрешения вопроса по процедуре и все активы будут в безопасности.<br><br>По работе с самим брокером у меня никаких претензий. Это надежная компания с развитой инфраструктурой и опытными специалистами. За исключением форс-мажора со СПб Биржей, все мои операции обрабатываются четко и в срок. Рекомендую БКС для широкого выбора инструментов и качественного обслуживания.
	</div>"
отзывчивые сотрудники БКС,"<div class=""article-text response-page__text markup-inside-small markup-inside-small--bullet"" itemprop=""description"" data-test=""responses-message"">
		Обращался в офис БКС. Было много вопросов по открытию счета. В этом новичок, не понимал нюансы и как справиться с проблемой переживаний и большого потока информации об инвестициях.<br>Сотрудник Александр был отзывчивым, проводил меня в переговорную комнату, угостил кофе. Потом уже говорили об открытии счета. Предложил много вариантов работы. Мне бы, например, хотелось готовую стратегию. Мне подобрали дивидендная корзина БКС на год, с хорошим составом. Были сомнения о сумме входа и о безопасности, но в ходе  диалога я получил ответы на мои вопросы и унял сомнения. В итоге, сейчас слежу за портфелем. Счет также показали, как открыть в приложении.
	</div>"
Помощь с переводом счета,"<div class=""article-text response-page__text markup-inside-small markup-inside-small--bullet"" itemprop=""description"" data-test=""responses-message"">
		В БКС был счет, но резервный, подумал перевести туда все свои активы. Пришел в офис, беспокоился, что так не выйдет. Менеджер мне оперативно помог, подсказал, как можно подать поручения и сколько будет стоить. Сделал все довольно быстро, все бумаги теперь только в БКС. Очень доволен по итогу что все так вышло.
	</div>"
"Нарушают сроки закрытия ИИС, неквалифицированная помощь.","<div class=""article-text response-page__text markup-inside-small markup-inside-small--bullet"" itemprop=""description"" data-test=""responses-message"">
		Не советую. Столкнулся  с безответственным отношением к  клиентам при  закрытие ИИС, нарушают закон 30 дней максимум на закрытие счета ИИС.  <br> Сейчас пытаюсь закрыть ИИС в 3 раз благодаря ТИ.  В первый раз   закрытие ИИС примерно 50 дней назад. Ждать закрытия максимум 30 дней, но скорее всего-3-5 дней.  Спустя 2 недели  неожиданно опять появился среди моих других брокерских счетов. Это опять был ИИС, то есть ничего! не произошло. Без всяких комментариев  ТИ. Ответ-какие то проблемы и не могут закрыть ИИС.  надо подать опять на закрытие ИИС(второй раз).  Подал второй раз на закрытие, . ИИС опять исчез из моих брокерских счетов. В течении следующих недель я  звонил и писал в поддержку, когда будет закрытие и что надо учесть  те 2 недели, которые были до этого потрачены. Ответ  стандартный-мы уже занимаемся решением ваших проблем и с вами свяжутся. Я записывал обращения, номера обращений скидывали в чат, следующий сотрудник говорил что по вашему обращению в ближайшее время с вами свяжутся. И так до бесконечности, всего я записал штук 10 обращений,  ничего не происходили.<br>Вот еще пример невнимательности специалистов.  У меня почему то счета идут начиная с 4  и нужно их поставить по порядку. Потом все также, общие ответы поддержки, поговорили со мной, все!   Ничего не менялось,  где то через  неделю, сотрудник кол-центра не сказал что счета можно передвигать  в приложении и поставить  их по порядку . Напомню, такой информации не было все это время.  Тут я понял с кем имею дело. <br>   Сегодня 29 марта 2024 года и с утра истекли 30 дней для закрытия ИИС.     С утра  ИИС не появился, ни в каком виде, он не стал другим, он не остался прежним, его не было. Тогда я стал писать в чат и звонить, сроки 30 дней нарушаете.  После очередного звонка уже вечером, когда сроки прошли 30 дней, я попал на сотрудника банка Тинькофф, девушка, она сказала что щас все узнает  и  мне сообщит.  И тут, о чудо, я увидел возвращение ИИС.  Он как был  так и остался, ничего не произошло. Для чего тогда были эти 30 дней?  ИИС вернулся без изменений, ТИ схалтурила и обманула клиента, то есть меня.  В чем причина возврата не сообщили. В это же время в чате написали что не могут открыть новый ИИС,  закрыв старый хотя я и не просил новый ИИС,  хотел просто закрыть старый .  Набрал поддержку, попросил объяснить, там еще хуже, сотрудник говорит мы не можем вам открыть даже новый брокерский счет.  Это было очень странно, и первое и второе. Я попросил соединить с начальством, потому что тут  что-то эдакое происходило.  Пока дозванивались до начальства, я в приложении за 1 минуту открыл новый брокерский счет  что противоречило показания сотрудника ТИ.  Второй раз не могут закрыть ИИС.   Спросил начальника что делать с ИИС ? сказал что можно перевести на депозитарные счета, для этого подать на поручение на закрытие ИИС,  до 6 апреля готовность. И потом, после опять  ждать 30 дней на закрытие. Тут явно прослеживается  затягивание процесса, с целями для нас неведомыми. Задвигают клиентов, нарушают регламенты своей же работы, все сводится  к отпискам.   Прошу разобраться  в данной ситуации, ускорить процесс конвертации ИИС. Я знаю что  текст увидят  сотрудники ТИ, пусть делают выводы в своей работе. Для тех кто хочет попасть на ТИ, получить халявные акции-получите акции, продайте, и идите  к другому брокеру, посерьезней. Финам, Цифраброкер, Альфа инвестиции, любой кроме Тинькоф инвестиции.
	</div>"
способ экономить на валюте с БКС,"<div class=""article-text response-page__text markup-inside-small markup-inside-small--bullet"" itemprop=""description"" data-test=""responses-message"">
		Друзья, хочу рассказать вам способ, как купить дешевле валюту. Думаю все желают сэкономить на курсе перед отпуском. Так вот, бкс предлагает крайне выгодный курс для покупки. Для начала я написал в поддержку, чтобы узнать можно ли купить на брокерский счёт, а потом вывести и снять наличку. Мне разрешили так сделать и подсказали все нюансы. В итоге за 1 день я купил валюту по выгодному курсу и забрал ее в ближайшем офисе. Очень удобная система, буду постоянно ей пользоваться теперь.
	</div>"
Что-то никак не выходило открыть ИИС,"<div class=""article-text response-page__text markup-inside-small markup-inside-small--bullet"" itemprop=""description"" data-test=""responses-message"">
		Почему-то не получилось открыть ИИС в приложении БКС, хотя давно есть брокерский счет. Пришла в офис с этой проблемой. Выяснилось, что у меня задвоение учетной записи в банковской программе. Проблему устранили моментально и тут же открыли ИИС в офисе. В приложении счет также появился в этот же день.
	</div>"
Надежный неподсанкционный брокер,"<div class=""article-text response-page__text markup-inside-small markup-inside-small--bullet"" itemprop=""description"" data-test=""responses-message"">
		После блокировки зарубежных акций в крупном государственном брокере, мне предложили перевести их к другому. Выбрал Финам по большому количеству положительных отзывов. Обширная сеть офисов по всей стране, профессиональные менеджеры, выгодные тарифы (один FreeTrade чего стоит). Надо было сразу открывать счет в Финаме, и мои активы не оказались бы замороженными.
	</div>"
ВТБ мои инвестиции - мы можем ещё хуже!,"<div class=""article-text response-page__text markup-inside-small markup-inside-small--bullet"" itemprop=""description"" data-test=""responses-message"">
		КВП!Вообще вся структура ВТБ взяла всё самое худшее от советского строя, но при этом даже не пытались взять ничего хорошего от рыночной экономики. А зачем?!!! Когда, в отличии от Сбера, этим и так всё дают бесплатно. ""Открытие"" отдали, верфь дали в управление! Глядя на Костина (очень говорящая и многозначительная фамилия) понимаешь, всю косность и неповоротливость структуры в целом. Да, Костин максимально олицетворяет то, что происходит в его банке. Несмотря на то, что они были названы главными ""лузерами"" 2022 года, что они сделали для выхода из этой ситуации?!!! Правильно - ничего! А потому что ещё дадут.... К сожалению, большинство компаний, относится к гос.структурам, работают аналогично. В них люди работают не на результат, а на ""показатели"". 1) Приложение ВТБ мои инвестиции - штука странная. Оно по исполнению, мягко говоря, ""на любителя"". Найти то, что тебе нужно в опциях достаточно сложно. Торговая площадка простая. Здесь нельзя выставить заявку на некоторое время вперёд, она обязательно закроется этим днём. Абсолютная безалаберность,  бардак и халатность творятся в списке первичных размещений. Полно структурных (странных) инструментов от самого ВТБ, видимо, никому они не нужны. Много других инструментов, но большинство этих заявок уже просрочены, то есть первичное размещение прошло, но специалистам компании, видимо, плевать на это, как и на всё остальное.  Как правило, заявки там появляются за 2-4 часа до окончания размещения. Естественно, что если инструмент интересный, то весь выпуск давно раскуплен. Сплошная фикция и имитация деятельности, впрочем, как во остальном по всей структуре.2) Обслуживание клиентов - сервис ниже плинтуса. Я столкнулся с очень интересной историей под названием Pre-IPO ЕвроТранс. Цепочка ЕвроТранс - ВТБ регистратор - ВТБ инвестиции оказалась непроходимым болотом из бюрократии, глупости и лени. Самым забавным в нем оказался вопрос с подтверждением расходов, которое запросил ВТБ инвестиции. Эти ""гении"" взяли и выставили мне налог, исходя не из рыночной, а из номинальной стоимости, то есть 5 копеек за акцию,несмотря на то, что весь рынок в курсе, что IPO проходил по 250р/акция и я выслал им все чеки и оферты, которые получил от ЕвроТранс. Кстати, ещё одно ""достоинство"" данного брокера: вы не можете всё делать удаленно (предоставлять справки, дипломы и т.д. как у других современных брокеров Альфа инвестиции или ФИНАМ) вам придётся постоянно кататься в офисы ВТБ, но только в те, где есть брокерское обслуживание!!!! Поверьте, это такой геморрой, которого и врагу желать не будешь. Так вот, возвращаясь к передаче акций ЕвроТранс, ВТБ, конечно, приняли документы к рассмотрению, НО, рассматривают они их 90 дней!!!! То есть 1 квартал!!! Вы представляете себе всю эту тяжёлую бюрократическую машину в худшем её проявлении?!! Я отчётливо себе представляю тут тётку в зас....ной юбке, серьезных размеров, без возраста, которая приходит на работу к 9 и до 11 пьет чай, а потом идёт на обед, который заканчивается сразу перед полдником. Она уже давно не в состоянии вести какие-то дела, а только так, номинально перекладывает бумажки. При этом дозвониться и съездить к ней невозможно, потому что операторы не соединяют, и они не ведут приём. Пока это в процессе. Буду описывать в деталях течение дела. Честно говоря: моё личное первенство на звание ""Худший брокер"" с огромным отрывом, получается ВТБ мои инвестиции. Искренне всем рекомендую, если вам жаль ваши деньги, время, нервы, если не любите суды и споры - избегайте ВТБ мои инвестиции и всю структуру в целом!!!Отзывы пришлось значительно урезать из-за ограничений сайта.
	</div>"
"Тинькофф, отдайте формально якобы мой Полиметалл Цифре наконец, компенсируйте потери в 200 тыс руб и отдайте!","<div class=""article-text response-page__text markup-inside-small markup-inside-small--bullet"" itemprop=""description"" data-test=""responses-message"">
		Сага с присвоением Тиньковым моих акций Полиметалла продолжается. Решил я тут по совету Полиметалла перевести на биржу Астаны..<br>Написал претензию на компенсацию убытков от присвоения Тиньковым моих активов, подал заявку на перевод. Тишина. Ноль реакции. Полный ноль.  <br>При этом 9 месяцев или год было требование от меня предоставлять ежедневно по ст.6 46 ФЗ всю информацию по Полиметаллу. За все это время мое требование и, следовательно, сам закон ни разу не исполнили!! Пришлось искать все самому. Уполномоченный Цифра Брокер, есть пресс релиз Полиметалла о переводе на Цифру Брокера, далее он как-то на их на биржу Астаны засылает и обменивает..<br>Сказали как, но я еще не вникал..мне главное их из липких лапок брокерских клерков Тинькова это все как-то забрать.<br>Счет у Цифры у меня есть, все там ждут акции, Тинькофф.....<br>Сейчас буду готовить поручение на перевод через допофис Тинькова в Волго-Вятском филиале ЦБ, он мне за него отвечает.<br>Естественно...в Тинькове информацию о каком-то там перводе акций Полиметалла никто не знает...он ее ждет от кого-то ..от Полиметалла видимо или Цифра брокера только по Почте России..и через нотариуса!<br>Очередное..мыло-мочало....акциями в Тинькове можешь ты владеть, но вот попробуй-ка ими распорядись...причем все на рынке удивленно мне говорят , как это не проводит операции с акциями, как такое возможно и т.д. Тинькофф, поясните общественности наконец!!.. Только на регламент, чур, не ссылаться - законом запрещено! ..Видимо один тутошний казачок-инсайдер Вектор77 в курсе почему, да и то его версии постоянно разные, то я видите ли с лояльностью банка переборщил, то не так кланялся и расшаркивался за их противоправные косяки, приводящие к моим убыткам. <br>Не знаю. Короче. <br>Тинькофф - отдайте мои акции Цифре, Ньютон финансу не отдали, так Цифре отдайте...отдайте ..компенсируйте убытки в 200 тыс. руб. и отдайте. Вот.
	</div>"
Все прошло максимально гладко и быстро,"<div class=""article-text response-page__text markup-inside-small markup-inside-small--bullet"" itemprop=""description"" data-test=""responses-message"">
		В январе этого года я решила перевести свой индивидуальный инвестиционный счет (ИИС) из Открытия в другой банк. Выбрала БКС по рекомендации подруги - она уже не первый год очень довольна их обслуживанием и условиями.В конце января открыла счет в БКС с пометкой ""перевод ИИС"". В феврале мои личные менеджеры передали в центральный московский офис брокера справку из Открытия со сведениями обо мне и моем ИИС. Сотрудник, принимавший документы, выдал расписку о приеме.<br><br>Прошло два дня, но изменений по счету не происходило. Я начала переживать, что возникли какие-то проблемы с переводом. Позвонила в техподдержку БКС и объяснила ситуацию. Очень компетентный специалист заверил меня, что задержка в 3-4 дня - нормальный срок для такой процедуры. Справка у них на руках, осталось лишь окончательное согласование.<br><br>И действительно, на третий день мне пришло уведомление - о том что ИИС успешно перенесен! Все прошло максимально гладко и быстро. Я просто ждала, пока профессионалы сделают всю работу.<br><br>Хочу поблагодарить БКС за оперативное и качественное обслуживание. Перевод ИИС осуществлен без единой проблемы благодаря слаженным действиям персонального менеджера и техподдержки. Все этапы были четко объяснены, сомнения развеяны.<br><br>Рада, что выбрала надежного брокера с высоким уровнем сервиса, собственно, как мне и советовали.
	</div>"
Отличная защита и помощь,"<div class=""article-text response-page__text markup-inside-small markup-inside-small--bullet"" itemprop=""description"" data-test=""responses-message"">
		В 2022- 2023 году был делистинг акция <a href=""https://www.bloomberg.com/quote/ZNH:US"" target=""_blank"">ZNH -China Southern Airlines</a> и <a href=""https://bcs-express.ru/kotirovki-i-grafiki/hnp"" target=""_blank"">HNP - Huaneng Power International, так как их заморозили и обособили продать я не смог.</a><br>Тут вышел указ и я решил поинтересоваться, что с моими акциями, поддержка ответила что с акциями<br>с ZNH можно оказывается было конвертировать, но так как я не подал поручение мои акции просто списали, о конвертации они меня якобы предупреждали (но писем от них нет, посмотрел и почту и чат и чат с персональным менеджером -от него только скопированные новости из пульса по IPO)<br>С HNP еще интересней по ней не было конвертации и эти акции тоже списали и все<br>Ну и ответ последовал, на то что писем от них не было, что информация у них на оф.источниках что уже является уведомлением (кстати пульс читаю и опять же не видел), ну и что на ситуацию в мире повлиять не могут (это когда я упомянул, что Тинькофф с СПБ биржей в два голоса заманивали в китай который к слову заблокирован тоже) <br><br>В итоге мои деньги просто пропали благодарю Тинькофф)
	</div>"
Хочу поделиться свежим впечатлением,"<div class=""article-text response-page__text markup-inside-small markup-inside-small--bullet"" itemprop=""description"" data-test=""responses-message"">
		Хочу поделиться свежим впечатлением о работе службы поддержки БКС. На днях столкнулась с неприятной ситуацией - вдруг потеряла доступ к своему личному кабинету на сайте брокера.Ввожу логин, пароль тот же, что всегда, но система пишет ""Неверный пароль"". Пытаюсь восстановить пароль через форму на сайте - и там ошибка ""Обновить пароль нет возможности"". В растерянности открыла заявку в техподдержку под номером 400174.<br><br>Уже на следующий день мне перезвонили из БКС и пообещали в кратчайшие сроки решить проблему с доступом. Я рассказала всю ситуацию, и специалист заверил, что проведет эскалацию для ускорения рассмотрения заявки.<br><br>И правда, через два часа мне снова позвонили из техподдержки и предложили восстановить доступ, сбросив мне временный код по смс. Объяснили, что причиной сбоя стала техническая ошибка в системе. Благодаря грамотным действиям операторов, я смогла быстро вернуться в свой личный кабинет.<br><br>Осталась очень довольна оперативностью и качеством работы саппорта БКС. Всего за несколько часов удалось полностью решить достаточно серьезную проблему с восстановлением доступа. При этом сотрудники действовали максимально клиентоориентированно - держали меня в курсе событий, предупреждали о каждом шаге.<br><br>Видно, что в БКС налажены четкие процессы обратной связи с клиентами. Обращение сразу регистрируется, берется в работу высококвалифицированными специалистами и доводится до успешного завершения. Огромная благодарность службе поддержки за столь слаженные действия! Скорость работы поддержки заметно увеличивается, это приятно.
	</div>"
хочу поблагодарить службу аналитики и поддержки БКС,"<div class=""article-text response-page__text markup-inside-small markup-inside-small--bullet"" itemprop=""description"" data-test=""responses-message"">
		Я выбрал БКС два года назад для начала инвестирования в акции. До этого не имел опыта и глубоких знаний в этой сфере.Мобильное приложение брокера оцениваю на 5 баллов из 5 возможных. Оно отличается интуитивно понятным интерфейсом, стабильной работой без сбоев и наличием множества полезных разделов - новости, графики, котировки и аналитика по интересным мне компаниям. Очень удобна возможность сортировки инструментов по разным параметрам.<br>Осенью 2022 года я решил воспользоваться услугами БКС для покупки акций нескольких высокотехнологичных и динамично развивающихся компаний. Выбрал их исходя из собственных предпочтений, без глубокого фундаментального и технического анализа.<br>К сожалению, из-за отсутствия достаточных знаний о стратегиях инвестирования я купил бумаги в не самый удачный момент и по завышенной цене. Можно было подумать как-то по-другому, но я решил вот так сделать. К концу года стоимость моего небольшого портфеля выросла всего на 9%, что оказалось худшим результатом на фоне общего роста рынка.<br><br>Я обратился к обучающим материалам БКС за информацией и получил исчерпывающую консультацию от опытных экспертов компании. С их помощью мне стали понятны основы анализа рынка, риски разных стратегий, особенности IPO и много других важных аспектов.<br>Теперь я чувствую себя гораздо более подготовленным и уверенным инвестором. Обязательно воспользуюсь ценными советами профессионалов БКС для выстраивания взвешенной инвестиционной стратегии в 2023 году. Уверен, это позволит значительно нарастить и диверсифицировать мой портфель, получая стабильный доход.<br>Еще раз хочу поблагодарить службу аналитики и поддержки БКС за оказанную помощь и высокий профессионализм! Доверяю этому брокеру и однозначно продолжу инвестирование именно через БКС. Рекомендую компанию всем, кто делает первые шаги на фондовом рынке!
	</div>"
"Безусловно, рекомендую БКС","<div class=""article-text response-page__text markup-inside-small markup-inside-small--bullet"" itemprop=""description"" data-test=""responses-message"">
		Я пришел к выбору в пользу БКС после того, как посмотрел их видео на YouTube (искал инфу по инвестициям, забрел на обучающие курсы и статьи от БКС). все понравилось, все понятно даже мне гуманитарию. Меня заинтересовало качественное обучение инвестициям, которое предлагает этот брокер. Я как раз хотел разобраться в трейдинге, чтобы получать дополнительный доход, поэтому такой подход мне показался очень привлекательным.Моя главная загвоздка была в том, что не было базовых знаний и навыков для начала инвестирования на фондовом рынке. Непонимание, с чего начать обучение.<br><br>В итоге обратился к образовательным материалам БКС - видеокурсам, статьям, сервису ""Инвестиционные идеи"" в личном кабинете. Прошел полноценное обучение от брокера по основам инвестирования и трейдинга.<br>Параллельно открыл в БКС демо-счет для отработки практических навыков в условиях, приближенных к реальному рынку, но без риска потерь.<br>После обучающего курса для закрепления знаний начал регулярно консультироваться с финансовым советником от БКС. Специалист помогает мне разбираться в тонкостях анализа акций, отраслей и формирования инвестпортфеля.<br>Благодаря комплексному образовательному подходу БКС я в кратчайшие сроки получил необходимые компетенции для эффективной работы на фондовом рынке. Теперь могу самостоятельно оценивать риски, выбирать акции и грамотно управлять капиталом.<br>Хочу отметить ответственность и профессионализм аналитиков БКС, которые дают максимально объективные рекомендации, подкрепленные фактами и цифрами. Все материалы четко структурированы и доступны для понимания даже новичку в инвестициях.<br>Безусловно, рекомендую БКС тем, кто хочет основательно обучиться работе на фондовом рынке под руководством опытных наставников. В этой компании создана уникальная обучающая инфраструктура для быстрого старта в инвестировании.
	</div>"
Не смог вывести средства с брокерского счёта и не знал почему,"<div class=""article-text response-page__text markup-inside-small markup-inside-small--bullet"" itemprop=""description"" data-test=""responses-message"">
		Два дня назад не смог вывести средства с брокерского счета. Не понимал, почему так случилось, написал в чат. Менеджер разобрался в этом вопросе на раз-два. Оказалось, что истек срок действия паспорта…В МВД то я его заменил, а вот брокеру забыл предоставить новые данные. В итоге, просто отправил сканы в чат, сотрудники внесли изменения, все стало доступно!
	</div>"
Я очень ценю такой ответственный подход,"<div class=""article-text response-page__text markup-inside-small markup-inside-small--bullet"" itemprop=""description"" data-test=""responses-message"">
		Передо мной стояла задача - перевести свой индивидуальный инвестиционный счет (ИИС) с налоговыми льготами из Альфа-Банка в БКС. Нужно было сделать это так, чтобы не потерять льготный статус счета.И в целом процесс довольно несложный, но почему-то все всегда этим интересуются. Рассказываю:<br>В БКС я получил подробную консультацию от грамотного менеджера. Она объяснила, что для начала необходимо открыть новый ИИС в БКС, указав при этом все данные своего предыдущего счета в Альфа-Банке для сохранения истории.<br><br>Далее, по рекомендации менеджера, я должен был подать поручение на безналичный перевод всей суммы активов с закрытием старого ИИС в Альфа-Банке. При этом важно передать в БКС все реквизиты счета, даты, суммы и коды для безопасного трансфера средств и сохранения льготного статуса.<br><br>На этапе перевода активов менеджер БКС держала со мной связь. Это было невероятно приятно. Она вовремя отслеживала, успешно ли прошел трансфер по всем правилам, контролировала все этапы процедуры.<br><br>Благодаря ее инструкциям и помощи, все средства были полностью и корректно переведены с ИИС из Альфа-Банка на новый льготный счет в БКС. Налоговый статус был полностью сохранен.<br><br>Я очень ценю такой ответственный подход и квалифицированную помощь специалистов БКС при переводе ИИС из другого брокера. Благодаря их компетентности это важное движение прошло гладко и без рисков.
	</div>"
Я инвестирую в акции разных компаний,"<div class=""article-text response-page__text markup-inside-small markup-inside-small--bullet"" itemprop=""description"" data-test=""responses-message"">
		Я инвестирую в акции разных компаний, в том числе инновационных, с 2019 года и в БКС я зашла в марте 2021 года. В августе 23-его зашла в инвестстратегию “Усиленные инвестиции”, и смотрю, как идет. Недавно у меня была техническая проблема в мобильном приложении БКС. <br>В общем, я какое-то время не заходила в приложение (у меня нет привычки ежедневно смотреть наблюдать за своими долгосрочными вложениями), и я в какой-то момент зашла - а там опять надо авторизовываться.<br><br>Такое бывает, наверное, когда долго не заходишь, то приходится заново вводить логин и пароль. Оказывается, я забыла свой пароль и пришлось его менять. Было неудобно, но я понимаю, что это моя ошибка. Плюс мне надо было обновить приложение.<br><br>В поддержке сказали, что когда длительное время не заходишь в приложение, там завершается сеанс работы и надо заново авторизоваться, и это нормальная практика, которая работает в рамках обеспечения безопасности. мало ли, там украли телефон например, и зайдет взломают или что-то еще.<br><br>Спасибо специалисту, быстро объяснили, что и как. Как-то менять они эту технику безопасности не будут видимо, так что мне пришлось привыкнуть. <br><br>Я ценю такое клиентоориентированное обслуживание (вообще в целом люблю хороший вежливый сервис, всегда обращаю внимание на то, как со мной разговаривают), молодой человек был очень вежлив, спокоен, вопросов к саппорту нет
	</div>"
Некорректный отчёт,"<div class=""article-text response-page__text markup-inside-small markup-inside-small--bullet"" itemprop=""description"" data-test=""responses-message"">
		Уже сейчас указываю оценку 2, так как уверен, что её не зачтут ввиду давности событий <br><br>Сегодня (31 марта) решил проверить  отчёт о расчете налогооблаемой базе по операциям с ценными бумаги за 2021 год.<br><br>Сделки, совершённые в том году, скорее всего, указаны правильно, но увидел явную ошибку. В графе учтенные звтраты и  доход/убыток от продажи на месте погашения 64 штук офз-н 53003 стоят 0, хотя сумма покупки с учётом нкд покупки и комиссии брокера(1% от цены) выше номинала.<br><br>Я считаю, что<br><br>1)  в отчёте должны быть учтены  затраты на покупку офз-н 53003 и указан убыток. <br><br>2) должен быть перенос убытка по погашению офз-н 53003 на доход по купону по офз-н 53003, выплаченному одновременно с номиналом офз-н 53003 (считаю, что такой купон является аналогом  накопленного купонного дохода при продаже, тем более, что в 2021 году это был единственный купон по данной ценной бумаге)<br><br>Прошу только про этот купон - сальдировать купоны по 53006 с операциями по 53006 не прошу - тогдашняя трактовка законодательства такое не позволяла.<br><br>3) прошу ВТБ как налогового агента вернуть возникающий при выполнении просьб 1 и 2  излишне удержанный ндфл(13% от убытка, вызванного разницей, с одной стороны 64 номиналов офз-н 53003(суммарно 64 000), а с другой  64кратной  полной стоимости покупки одной штуки(то есть 64000*чистая цена покупки*1,01+64*нкд покупки)<br><br>1,01 - так как 1% комиссия при покупке.<br><br>4) подать правильную справку 2-ндфл за 2021-й год, чтобы увидеть её в кабинете налогоплательщика физического лица.<br><br>В отчёте за 2022-й год проблем с сальдированием  купонов и сделок не было.
	</div>"
Ждешь дивиденды-запасись терпением,"<div class=""article-text response-page__text markup-inside-small markup-inside-small--bullet"" itemprop=""description"" data-test=""responses-message"">
		В конце прошлого года захотел попробовать себя в качестве инвестора. По ряду причин выбрал в качестве брокера БКС Инвестиции и не пожалел, кстати, пока. На первом этапе основная инвестиционная идея была такой – купить под дивиденды несколько акций, а потом, получив выплаты, быстро переложиться в следующий пул акций. Акции я купил, выбрал те, у которых процентов 5-7% годовых было. <br>Прошло время дивидендной отсечки, акции провалились в дивгэп, а спустя неделю я так и не получил выплат, которые хотел уже вложить в следующий актив. Отправился за разъяснениями в чат поддержки. Менеджер меня успокоил – выплаты дивидендов происходят в течение нескольких недель, поэтому нужно просто запастись терпением. Все так и оказалось – через неделю мне пришли положенные выплаты, а я понял, что подход к дивидендным акциям надо менять на более долгосрочный и консервативный.
	</div>"
Не могу получить отчеты о поступлении дивидендов с акций иностранных компаний,"<div class=""article-text response-page__text markup-inside-small markup-inside-small--bullet"" itemprop=""description"" data-test=""responses-message"">
		Я хочу, чтобы у меня эта отчетность была в наличии. Я хочу задекларировать дивиденды в налоговую. Вы обязаны предоставлять такую информацию мне клиенту. Я скачал точно такую же отчетность в феврале в личном кабинете Тиньков за 1 минуту. И в личном кабинете БКС за 1 минуту. Меня налоговая оштрафовала за несвоевремнную подачу отчетности - 1000 руб. в 2020 году. Ваши сотрудники обещали потом/потом через неделю, обещали что сделают, что им не подала эту отчетность биржа. В итоге в конце концов мне Вячеслав Зайцев говорит, что они не будут предоставлять данную отчетность. А сроки подачи декларации уже горят. Эта отчетность где-то есть. У вас жутко сложный сайт. На нем невозможно что-то найти. Я эти отчетности видел в прошлом году. А сейчас всё поменялось, и ничего найти невозможно.
	</div>"
Потерял доступ к приложению,"<div class=""article-text response-page__text markup-inside-small markup-inside-small--bullet"" itemprop=""description"" data-test=""responses-message"">
		По своей легкомысленности несколько недель назад потерял доступ к приложению БКС Мир инвестиций. Скачал обновление системы на смартфоне, перезагрузил устройство, после чего приложение попросило по свой ввести пароль. А поскольку придумывал его довольно давно и нигде не записал, стал просто перебирать варианты, пока не кончились попытки и приложение меня заблокировало. Даже не знаю, почему не остановился в конце и не запросил сброс пароля. В общем, в этот момент состояние у меня было близким к панике. Последней надеждой было сходить в офис БКС и там разобраться с этой неприятной ситуацией. Нашел по карте офис в моем городе, он оказался не очень далеко от моего дома. Пришел туда, взял талончик и без очереди отправился в нужное окошко. Объяснил девушке суть проблемы. Документы, я конечно, взял с собой, и по ним сотрудница восстановила мне доступ к аккаунту и выдала временный пароль. Тут же все проверили, приложение ожило, а новый пароль я потом записал в менеджер паролей на смартфоне, кстати, удобный сервис, рекомендую.
	</div>"
"Результаты работы с ВТБ брокером с 2019, Долги , продажи инструментов квалифицированного инвестора, снятие ответственности за технические ошибки со стороны брокера.","<div class=""article-text response-page__text markup-inside-small markup-inside-small--bullet"" itemprop=""description"" data-test=""responses-message"">
		Добрый день,Хотел бы дать обратную связь на данном ресурсе, как гражданин Российской Федерации и бывший пользователь данного брокера, а также квалифицированный инвестор и человек который пользовался услугами брокера могу сообщить вам следующее.Из-за брокера у вас будут проблемы, долги, также во время судебных заседаний вас никто не будет спасать, брокер со своей стороны будет настаивать на том, что они тут не причем и все технические ошибки за период больше полу года будут на вас, но в неподходящий момент брокер зайдет к вам на счет продаст все ваши активы и оставит вас с долгом,При этом на вопрос возможности разделение сумму долга по брокерскому счету, так как в этом есть и вина брокера, что признается им самим в обращениях вам будут выставлены 10500 уведомлений где он как-то виртуально вас информировал, но при этом ничего не делал, также будет вводить в заблуждение органы которые принимают решение в судебном порядке и к сожалению с этим ничего не сделать, при всем уважение.<a href=""http://smolninsky--spb.sudrf.ru/modules.php?name=sud_delo&amp;srv_num=1&amp;name_op=case&amp;case_id=748913693&amp;case_uid=05792b96-30a3-4129-8391-b696c5284d66&amp;delo_id=1540005&amp;new="" target=""_blank"">http://smolninsky--spb.sudrf.ru/modules.php?name=sud_delo&amp;srv_num=1&amp;name_op=case&amp;case_id=748913693&amp;case_uid=05792b96-30a3-4129-8391-b696c5284d66&amp;delo_id=1540005&amp;new=</a>Кому интересно чем все заканчивается , по работе с данным брокером.Вы будете должны денежные средства , Вы потеряете своих активы,В случае возмещения активов брокер будет увиливать и говорить, что мы будем подавать кучу апелляций на ваше заявление.Документы для суда будут предоставлены которые конкретно будут указывать периодичность проблемы при этом брокер будет настаивать что вина лежит на вас как на пользователе.Также в случае диалога с брокером и возможности решить вопрос адекватным справедливым способом он будет вас игнорировать , или давать не полную информацию чтобы затянуть время.Так что всегда имейте в виду что в случае проблем вам настанет то самое чудо , где вам скажут мы тут не причем, делаем что желаем на вашем счету и если у вас будут проблемы через суд мы их решим где вы всегда будете виновны
	</div>"
Не смогла сосчитать налоги,"<div class=""article-text response-page__text markup-inside-small markup-inside-small--bullet"" itemprop=""description"" data-test=""responses-message"">
		Я начала пополнять счет в БКС несколько месяцев назад, пополняла регулярно раз в месяц. В какой-то момент мне понадобилось вывести часть денег – не хватало на довольно крупную покупку. Деньги вывела, но когда сумма пришла на карту, оказалась меньше, чем я выводила. Сразу не поняла, почему, пришлось повторять процедуру во второй раз, чтобы компенсировать пропажу. <br>Чтобы не гадать отправила запрос в службу поддержки. Как я и предположила, при выводе с меня сняли налог, но я удивилась, потому что большая часть акций – дивидендные, при выплате дивидендов брокер вычитает их автоматически. Почему тогда при выводе с меня еще раз вычли 13%? Вместе с сотрудницей службы поддержки брокера выяснили, что в начале у меня часть сделок была в профит за счет продажи акций, этот налог должен был быть учтен в конце года, либо автоматически вычтен при первом же выводе средств. Чтобы убедиться, что я не стала жертвой двойного налогообложения, мне даже прислали выписку за год, где четко видно, когда были какие сделки, и какая прибыль с налогом была. Оказалось, что я практически весь налог вернула с переводом денег, а под новый год уже брокер снял со счета небольшой налоговый остаток.
	</div>"
Оперативно помогли,"<div class=""article-text response-page__text markup-inside-small markup-inside-small--bullet"" itemprop=""description"" data-test=""responses-message"">
		Здравствуйте всем! Изначально открывал брокерский счет и индивидуальный инвестиционный счет в банке Открытие. Позже, со временем, у них то ли отозвали лицензию, то ли еще что, в общем, меня переводят в ВТБ. Денег там было не много, акций тоже, поэтому я и на какое то время о нем забыл. Теперь новый указ Президента о выкупе, а я в ВТБ никогда и не заходил. Пришлось звонить на их горячую линию, ибо в чате не смогли помочь. Повезло что попался оператор Андрей, крайне быстро и оперативно помог попасть в личный кабинет инвестиций. Так же, с его помощью смог подать заявку на продажу заблокированных активов.
	</div>"
